Designator,Mid X,Mid Y,Layer,Rotation
C4,5.200mm,3.000mm,Top,0
C60,27.600mm,4.500mm,Top,0
L2,41.100mm,3.300mm,Top,0
C8,20.300mm,3.700mm,Top,0
FB1,7.600mm,1.000mm,Top,0
C40,37.200mm,4.300mm,Top,0
R24,45.500mm,-3.400mm,Top,0
R23,45.500mm,1.850mm,Top,0
J2,51.600mm,1.000mm,Top,90
C18,13.800mm,4.800mm,Top,0
C3,5.200mm,2.200mm,Top,0
FB2,8.900mm,-4.900mm,Top,0
C7,20.300mm,4.550mm,Top,0
C41,37.200mm,2.300mm,Top,0
U5,31.000mm,0.000mm,Top,0
X1,23.000mm,3.550mm,Top,90
C6,5.200mm,-2.600mm,Top,0
C9,25.200mm,3.600mm,Top,90
U1,15.250mm,0.000mm,Top,0
C5,5.200mm,-1.800mm,Top,0
C42,45.500mm,-1.200mm,Top,0
R22,45.500mm,4.100mm,Top,0
U2,23.600mm,-2.600mm,Bottom,180
C44,39.600mm,4.700mm,Bottom,0
U6,45.600mm,3.400mm,Bottom,0
R15,34.600mm,-0.500mm,Bottom,90
R3,40.000mm,-4.650mm,Bottom,90
R19,35.500mm,0.750mm,Bottom,-90
R20,35.500mm,-0.750mm,Bottom,-90
C11,20.400mm,1.700mm,Bottom,-90
C12,24.600mm,4.300mm,Bottom,-90
R7,10.700mm,0.250mm,Bottom,180
C37,6.200mm,-0.800mm,Bottom,0
C35,35.500mm,3.750mm,Bottom,-90
R4,39.200mm,-4.650mm,Bottom,90
C14,25.400mm,1.900mm,Bottom,0
R17,28.600mm,-2.400mm,Bottom,90
R14,34.600mm,-1.950mm,Bottom,90
R10,34.600mm,1.000mm,Bottom,90
R1,10.700mm,-2.700mm,Bottom,0
C2,10.300mm,-4.400mm,Bottom,-90
C15,46.740mm,1.200mm,Bottom,0
C53,16.300mm,0.450mm,Bottom,0
C59,14.300mm,4.950mm,Bottom,0
C54,14.200mm,-0.450mm,Bottom,0
R12,32.850mm,-3.750mm,Bottom,90
C51,16.300mm,1.350mm,Bottom,0
R18,35.500mm,2.250mm,Bottom,-90
C31,33.500mm,4.000mm,Bottom,-90
L1,22.400mm,4.200mm,Bottom,0
C56,14.200mm,-1.350mm,Bottom,0
Y1,31.400mm,4.000mm,Bottom,180
C55,16.300mm,-0.450mm,Bottom,0
C36,9.500mm,4.850mm,Bottom,0
R9,27.000mm,1.400mm,Bottom,-90
C45,41.600mm,4.700mm,Bottom,0
C13,20.200mm,4.300mm,Bottom,-90
C1,9.000mm,-4.400mm,Bottom,-90
U7,45.600mm,-3.400mm,Bottom,0
C16,48.200mm,-3.900mm,Bottom,-90
C34,30.200mm,-1.450mm,Bottom,0
R16,34.600mm,-4.050mm,Bottom,-90
C52,14.200mm,0.450mm,Bottom,0
R8,25.400mm,1.000mm,Bottom,0
C50,14.200mm,1.350mm,Bottom,0
C32,29.700mm,2.300mm,Bottom,180
U3,22.400mm,1.700mm,Bottom,0
FB3,16.600mm,4.950mm,Bottom,0
R11,34.600mm,2.600mm,Bottom,-90
C33,32.450mm,2.100mm,Bottom,180
R25,9.150mm,1.900mm,Bottom,-90
C43,37.600mm,4.700mm,Bottom,0
U8,39.600mm,0.000mm,Bottom,-90
U4,7.000mm,2.600mm,Bottom,0
C30,29.400mm,4.000mm,Bottom,-90
R6,19.400mm,0.350mm,Bottom,-90
C17,15.900mm,-4.750mm,Bottom,0
R5,16.300mm,-1.350mm,Bottom,0
R21,28.100mm,4.200mm,Bottom,-90
R13,35.500mm,-3.750mm,Bottom,90
FB4,12.000mm,4.950mm,Bottom,0
