Comment,Designator,Footprint,MPN,Qty,Fitted
1uF,"C1,C15,C16,C17,C44",C_0402_1005Metric,,5,yes
4.7uF,"C11,C18",C_0402_1005Metric,,2,yes
10uF,"C12,C13,C60",C_0603_1608Metric,,3,yes
120pF,C14,C_0201_0603Metric,,1,yes
100nF,"C2,C43,C45",C_0402_1005Metric,,3,yes
100nF,"C3,C4,C5,C6,C7,C8,C9,C50,C51,C52,C53,C54,C55,C56,C59,C32,C33,C34,C35",C_0201_0603Metric,,19,yes
18pF,"C30,C31",C_0201_0603Metric,,2,yes
2.2nF,C36,C_0402_1005Metric,,1,yes
10uF,C37,C_0402_1005Metric,,1,yes
100nF 100V,"C40,C41,C42",C_0805_2012Metric,,3,yes
BLM18KG601SH1,"FB1,FB2,FB3,FB4",L_0603_1608Metric,BLM18KG601SH1,4,yes
S2B-PH-K-S,J2,JST_PH_S2B-PH-K_1x02_P2.00mm_Horizontal,S2B-PH-K-S(LF)(SN),1,yes
1uH DFE201610E-1R0M,L1,L_Murata_DFE201610P,DFE201610E-1R0M,1,yes
ACT1210E-241-2P,L2,L_CommonMode_3225,ACT1210E-241-2P-TL00,1,yes
4.7k,"R1,R7,R5,R6,R4,R3,R26",R_0201_0603Metric,,7,yes
10k,"R10,R11,R14,R15,R16,R12,R13,R17,R18,R19,R20,R25",R_0201_0603Metric,,12,yes
12.4k 1%,R21,R_0402_1005Metric,,1,yes
49.9 1% 0.75W,"R22,R23",R_1206_3216Metric,CRCW120649R9FKEAHP,2,yes
100k,R24,R_0805_2012Metric,,1,yes
57.6k 1%,R8,R_0201_0603Metric,,1,yes
100k 1%,R9,R_0201_0603Metric,,1,yes
GW5AT-LV15MG132C1/I0,U1,Gowin_MBGA-132_8x8mm_P0.5mm,GW5AT-LV15MG132C1/I0,1,yes
GD25Q128EWIGR,U2,WSON-8-1EP_6x5mm_P1.27mm_EP3.4x4.3mm,GD25Q128EWIGR,1,yes
TPS62822DLC,U3,Texas_VSON-HR-8_1.5x2mm_P0.5mm,TPS62822DLCR,1,yes
TPS22918DBVR,U4,SOT-23-6,TPS22918DBVR,1,yes
LAN8670C2-E/LMX,U5,VQFN-32-1EP_5x5mm_P0.5mm_EP3.5x3.5mm,LAN8670C2-E/LMX,1,yes
TLV75518PDBVR,U6,SOT-23-5,TLV75518PDBVR,1,yes
TLV75512PDBVR,U7,SOT-23-5,TLV75512PDBVR,1,yes
STM32G031F6P6,U8,TSSOP-20_4.4x6.5mm_P0.65mm,STM32G031F6P6,1,yes
OB2EL89CLIB112YLC-125M,X1,Oscillator_YXC_3225-6Pin_LVDS,OB2EL89CLIB112YLC-125M,1,yes
25MHz CL12pF 2016,Y1,Crystal_SMD_2016-4Pin_2.0x1.6mm,,1,yes
