Comment,Designator,Footprint,LCSC Part #
100k 1%,"R4_1,R4_2,R4_3,R4_4,R4_5",R_0201_0603Metric,C106224
2.2nF,"C36_1,C36_2,C36_3,C36_4,C36_5",C_0402_1005Metric,C106861
1k 1%,"R6_1,R6_2,R6_3,R6_4,R6_5,R7_1,R7_2,R7_3,R7_4,R7_5",R_0402_1005Metric,C11702
1k,"R2_1,R2_2,R2_3,R2_4,R2_5",R_0402_1005Metric,C11702
2.2uF,"C15_1,C15_2,C15_3,C15_4,C15_5,C18_1,C18_2,C18_3,C18_4,C18_5,C21_1,C21_2,C21_3,C21_4,C21_5,C9_1,C9_2,C9_3,C9_4,C9_5",C_0402_1005Metric,C12530
TPS22918DBVR,"U4_1,U4_2,U4_3,U4_4,U4_5",SOT-23-6,C131941
2.2k,"R1_1,R1_2,R1_3,R1_4,R1_5",R_0201_0603Metric,C142018
100nF,"C2_1,C2_2,C2_3,C2_4,C2_5,C30_1,C30_2,C30_3,C30_4,C30_5,C32_1,C32_2,C32_3,C32_4,C32_5,C33_1,C33_2,C33_3,C33_4,C33_5,C34_1,C34_2,C34_3,C34_4,C34_5",C_0402_1005Metric,C1525
4.7nF,"C35_1,C35_2,C35_3,C35_4,C35_5",C_0402_1005Metric,C1538
120pF,"C29_1,C29_2,C29_3,C29_4,C29_5",C_0201_0603Metric,C161406
10uF,"C27_1,C27_2,C27_3,C27_4,C27_5,C28_1,C28_2,C28_3,C28_4,C28_5,C37_1,C37_2,C37_3,C37_4,C37_5",C_0603_1608Metric,C19702
4.7uF,"C26_1,C26_2,C26_3,C26_4,C26_5",C_0402_1005Metric,C23733
100k,"R8_1,R8_2,R8_3,R8_4,R8_5",R_0402_1005Metric,C25741
10k,"R5_1,R5_2,R5_3,R5_4,R5_5",R_0402_1005Metric,C25744
470nH DFE201610E-R47M,"L1_1,L1_2,L1_3,L1_4,L1_5",L_Murata_DFE201610P,C269773
10nF,"C11_1,C11_2,C11_3,C11_4,C11_5,C13_1,C13_2,C13_3,C13_4,C13_5,C16_1,C16_2,C16_3,C16_4,C16_5,C19_1,C19_2,C19_3,C19_4,C19_5,C7_1,C7_2,C7_3,C7_4,C7_5",C_0201_0603Metric,C285010
DLW32MH101XT2,"L2_1,L2_2,L2_3,L2_4,L2_5",L_CommonMode_3225,C2935101
DP83TC812SRHARQ1,"U1_1,U1_2,U1_3,U1_4,U1_5",QFN-36-1EP_6x6mm_P0.5mm_EP4.1x4.1mm_ThermalVias,C3225813
TPS62822DLC,"U3_1,U3_2,U3_3,U3_4,U3_5",Texas_VSON-HR-8_1.5x2mm_P0.5mm,C473385
12pF,"C24_1,C24_2,C24_3,C24_4,C24_5,C25_1,C25_2,C25_3,C25_4,C25_5",C_0201_0603Metric,C50391
1uF,"C1_1,C1_2,C1_3,C1_4,C1_5,C31_1,C31_2,C31_3,C31_4,C31_5",C_0402_1005Metric,C52923
STM32G031F6P6,"U2_1,U2_2,U2_3,U2_4,U2_5",TSSOP-20_4.4x6.5mm_P0.65mm,C529333
66.5k 1%,"R3_1,R3_2,R3_3,R3_4,R3_5",R_0201_0603Metric,C62193
BLM18KG601SH1,"FB1_1,FB1_2,FB1_3,FB1_4,FB1_5,FB2_1,FB2_2,FB2_3,FB2_4,FB2_5,FB4_1,FB4_2,FB4_3,FB4_4,FB4_5",L_0603_1608Metric,C710379
25MHz CL8pF 2016,"Y1_1,Y1_2,Y1_3,Y1_4,Y1_5",Crystal_SMD_2016-4Pin_2.0x1.6mm,C7301943
100nF,"C10_1,C10_2,C10_3,C10_4,C10_5,C12_1,C12_2,C12_3,C12_4,C12_5,C14_1,C14_2,C14_3,C14_4,C14_5,C17_1,C17_2,C17_3,C17_4,C17_5,C20_1,C20_2,C20_3,C20_4,C20_5,C3_1,C3_2,C3_3,C3_4,C3_5,C4_1,C4_2,C4_3,C4_4,C4_5,C5_1,C5_2,C5_3,C5_4,C5_5,C6_1,C6_2,C6_3,C6_4,C6_5,C8_1,C8_2,C8_3,C8_4,C8_5",C_0201_0603Metric,C76928
BLM18HE102SN1,"FB5_1,FB5_2,FB5_3,FB5_4,FB5_5",L_0603_1608Metric,C85828
green,"D1_1,D1_2,D1_3,D1_4,D1_5",LED_0402_1005Metric,C965793
